object,url
bgm.jpg,http://photo.tdl.cool/bgm.jpg
big_buck_bunny.mp4,http://photo.tdl.cool/big_buck_bunny.mp4
lunbo1.jpg,http://photo.tdl.cool/lunbo1.jpg
lunbo2.jpg,http://photo.tdl.cool/lunbo2.jpg
lunbo3.jpg,http://photo.tdl.cool/lunbo3.jpg
lunbo5.jpg,http://photo.tdl.cool/lunbo5.jpg
《你曾是少年》.flv,http://photo.tdl.cool/%E3%80%8A%E4%BD%A0%E6%9B%BE%E6%98%AF%E5%B0%91%E5%B9%B4%E3%80%8B.flv
《你曾是少年》.mp4,http://photo.tdl.cool/%E3%80%8A%E4%BD%A0%E6%9B%BE%E6%98%AF%E5%B0%91%E5%B9%B4%E3%80%8B.mp4
充电宝.jpg,http://photo.tdl.cool/%E5%85%85%E7%94%B5%E5%AE%9D.jpg
充电宝1.jpg,http://photo.tdl.cool/%E5%85%85%E7%94%B5%E5%AE%9D1.jpg
剪刀.jpg,http://photo.tdl.cool/%E5%89%AA%E5%88%80.jpg
地大版《你曾是少年》毕业季MV上线！献给2021届毕业的你 _ 中国地质大学.flv,http://photo.tdl.cool/%E5%9C%B0%E5%A4%A7%E7%89%88%E3%80%8A%E4%BD%A0%E6%9B%BE%E6%98%AF%E5%B0%91%E5%B9%B4%E3%80%8B%E6%AF%95%E4%B8%9A%E5%AD%A3MV%E4%B8%8A%E7%BA%BF%EF%BC%81%E7%8C%AE%E7%BB%992021%E5%B1%8A%E6%AF%95%E4%B8%9A%E7%9A%84%E4%BD%A0%20_%20%E4%B8%AD%E5%9B%BD%E5%9C%B0%E8%B4%A8%E5%A4%A7%E5%AD%A6.flv
大宝.jpg,http://photo.tdl.cool/%E5%A4%A7%E5%AE%9D.jpg
干脆面.jpg,http://photo.tdl.cool/%E5%B9%B2%E8%84%86%E9%9D%A2.jpg
手绘图1.jpg,http://photo.tdl.cool/%E6%89%8B%E7%BB%98%E5%9B%BE1.jpg
手绘图10.jpg,http://photo.tdl.cool/%E6%89%8B%E7%BB%98%E5%9B%BE10.jpg
手绘图11-4.jpg,http://photo.tdl.cool/%E6%89%8B%E7%BB%98%E5%9B%BE11-4.jpg
手绘图12-3.jpg,http://photo.tdl.cool/%E6%89%8B%E7%BB%98%E5%9B%BE12-3.jpg
手绘图2.jpg,http://photo.tdl.cool/%E6%89%8B%E7%BB%98%E5%9B%BE2.jpg
手绘图3.jpg,http://photo.tdl.cool/%E6%89%8B%E7%BB%98%E5%9B%BE3.jpg
"手绘图4,.jpg",http://photo.tdl.cool/%E6%89%8B%E7%BB%98%E5%9B%BE4%2C.jpg
手绘图5.jpg,http://photo.tdl.cool/%E6%89%8B%E7%BB%98%E5%9B%BE5.jpg
手绘图6.jpg,http://photo.tdl.cool/%E6%89%8B%E7%BB%98%E5%9B%BE6.jpg
手绘图7-1.jpg,http://photo.tdl.cool/%E6%89%8B%E7%BB%98%E5%9B%BE7-1.jpg
手绘图8-1.jpg,http://photo.tdl.cool/%E6%89%8B%E7%BB%98%E5%9B%BE8-1.jpg
"手绘图9,.jpg",http://photo.tdl.cool/%E6%89%8B%E7%BB%98%E5%9B%BE9%2C.jpg
招生减章.flv,http://photo.tdl.cool/%E6%8B%9B%E7%94%9F%E5%87%8F%E7%AB%A0.flv
搬迁13.jpg,http://photo.tdl.cool/%E6%90%AC%E8%BF%8113.jpg
搬迁14.jpg,http://photo.tdl.cool/%E6%90%AC%E8%BF%8114.jpg
搬迁15.jpg,http://photo.tdl.cool/%E6%90%AC%E8%BF%8115.jpg
搬迁9.jpg,http://photo.tdl.cool/%E6%90%AC%E8%BF%819.jpg
未来城校区logo.png,http://photo.tdl.cool/%E6%9C%AA%E6%9D%A5%E5%9F%8E%E6%A0%A1%E5%8C%BAlogo.png
机器人合照.jpg,http://photo.tdl.cool/%E6%9C%BA%E5%99%A8%E4%BA%BA%E5%90%88%E7%85%A7.jpg
机器人合照1.jpg,http://photo.tdl.cool/%E6%9C%BA%E5%99%A8%E4%BA%BA%E5%90%88%E7%85%A71.jpg
机器人国三.jpg,http://photo.tdl.cool/%E6%9C%BA%E5%99%A8%E4%BA%BA%E5%9B%BD%E4%B8%89.jpg
机器人省一.jpg,http://photo.tdl.cool/%E6%9C%BA%E5%99%A8%E4%BA%BA%E7%9C%81%E4%B8%80.jpg
校园壁纸1.png,http://photo.tdl.cool/%E6%A0%A1%E5%9B%AD%E5%A3%81%E7%BA%B81.png
校园壁纸10.png,http://photo.tdl.cool/%E6%A0%A1%E5%9B%AD%E5%A3%81%E7%BA%B810.png
校园壁纸11.png,http://photo.tdl.cool/%E6%A0%A1%E5%9B%AD%E5%A3%81%E7%BA%B811.png
校园壁纸12.png,http://photo.tdl.cool/%E6%A0%A1%E5%9B%AD%E5%A3%81%E7%BA%B812.png
校园壁纸13.png,http://photo.tdl.cool/%E6%A0%A1%E5%9B%AD%E5%A3%81%E7%BA%B813.png
校园壁纸14.png,http://photo.tdl.cool/%E6%A0%A1%E5%9B%AD%E5%A3%81%E7%BA%B814.png
校园壁纸15.png,http://photo.tdl.cool/%E6%A0%A1%E5%9B%AD%E5%A3%81%E7%BA%B815.png
校园壁纸2.png,http://photo.tdl.cool/%E6%A0%A1%E5%9B%AD%E5%A3%81%E7%BA%B82.png
校园壁纸3.png,http://photo.tdl.cool/%E6%A0%A1%E5%9B%AD%E5%A3%81%E7%BA%B83.png
校园壁纸4.png,http://photo.tdl.cool/%E6%A0%A1%E5%9B%AD%E5%A3%81%E7%BA%B84.png
校园壁纸5.png,http://photo.tdl.cool/%E6%A0%A1%E5%9B%AD%E5%A3%81%E7%BA%B85.png
校园壁纸6.png,http://photo.tdl.cool/%E6%A0%A1%E5%9B%AD%E5%A3%81%E7%BA%B86.png
校园壁纸7.png,http://photo.tdl.cool/%E6%A0%A1%E5%9B%AD%E5%A3%81%E7%BA%B87.png
校园壁纸8.png,http://photo.tdl.cool/%E6%A0%A1%E5%9B%AD%E5%A3%81%E7%BA%B88.png
校园壁纸9.png,http://photo.tdl.cool/%E6%A0%A1%E5%9B%AD%E5%A3%81%E7%BA%B89.png
校园建筑0.jpg,http://photo.tdl.cool/%E6%A0%A1%E5%9B%AD%E5%BB%BA%E7%AD%910.jpg
校园建筑1.jpg,http://photo.tdl.cool/%E6%A0%A1%E5%9B%AD%E5%BB%BA%E7%AD%911.jpg
校园建筑10.jpg,http://photo.tdl.cool/%E6%A0%A1%E5%9B%AD%E5%BB%BA%E7%AD%9110.jpg
校园建筑11.jpg,http://photo.tdl.cool/%E6%A0%A1%E5%9B%AD%E5%BB%BA%E7%AD%9111.jpg
校园建筑12.jpg,http://photo.tdl.cool/%E6%A0%A1%E5%9B%AD%E5%BB%BA%E7%AD%9112.jpg
校园建筑13.jpg,http://photo.tdl.cool/%E6%A0%A1%E5%9B%AD%E5%BB%BA%E7%AD%9113.jpg
校园建筑14.jpg,http://photo.tdl.cool/%E6%A0%A1%E5%9B%AD%E5%BB%BA%E7%AD%9114.jpg
校园建筑15.jpg,http://photo.tdl.cool/%E6%A0%A1%E5%9B%AD%E5%BB%BA%E7%AD%9115.jpg
校园建筑16.jpg,http://photo.tdl.cool/%E6%A0%A1%E5%9B%AD%E5%BB%BA%E7%AD%9116.jpg
校园建筑17.jpg,http://photo.tdl.cool/%E6%A0%A1%E5%9B%AD%E5%BB%BA%E7%AD%9117.jpg
校园建筑2.jpg,http://photo.tdl.cool/%E6%A0%A1%E5%9B%AD%E5%BB%BA%E7%AD%912.jpg
校园建筑3.jpg,http://photo.tdl.cool/%E6%A0%A1%E5%9B%AD%E5%BB%BA%E7%AD%913.jpg
校园建筑4.jpg,http://photo.tdl.cool/%E6%A0%A1%E5%9B%AD%E5%BB%BA%E7%AD%914.jpg
校园建筑5.jpg,http://photo.tdl.cool/%E6%A0%A1%E5%9B%AD%E5%BB%BA%E7%AD%915.jpg
校园建筑6.jpg,http://photo.tdl.cool/%E6%A0%A1%E5%9B%AD%E5%BB%BA%E7%AD%916.jpg
校园建筑7.jpg,http://photo.tdl.cool/%E6%A0%A1%E5%9B%AD%E5%BB%BA%E7%AD%917.jpg
校园建筑8.jpg,http://photo.tdl.cool/%E6%A0%A1%E5%9B%AD%E5%BB%BA%E7%AD%918.jpg
校园建筑9.jpg,http://photo.tdl.cool/%E6%A0%A1%E5%9B%AD%E5%BB%BA%E7%AD%919.jpg
校园植物0.jpg,http://photo.tdl.cool/%E6%A0%A1%E5%9B%AD%E6%A4%8D%E7%89%A90.jpg
校园植物1.jpg,http://photo.tdl.cool/%E6%A0%A1%E5%9B%AD%E6%A4%8D%E7%89%A91.jpg
校园植物10.jpg,http://photo.tdl.cool/%E6%A0%A1%E5%9B%AD%E6%A4%8D%E7%89%A910.jpg
校园植物100.jpg,http://photo.tdl.cool/%E6%A0%A1%E5%9B%AD%E6%A4%8D%E7%89%A9100.jpg
校园植物101.jpg,http://photo.tdl.cool/%E6%A0%A1%E5%9B%AD%E6%A4%8D%E7%89%A9101.jpg
校园植物102.jpg,http://photo.tdl.cool/%E6%A0%A1%E5%9B%AD%E6%A4%8D%E7%89%A9102.jpg
校园植物103.jpg,http://photo.tdl.cool/%E6%A0%A1%E5%9B%AD%E6%A4%8D%E7%89%A9103.jpg
校园植物104.jpg,http://photo.tdl.cool/%E6%A0%A1%E5%9B%AD%E6%A4%8D%E7%89%A9104.jpg
校园植物105.jpg,http://photo.tdl.cool/%E6%A0%A1%E5%9B%AD%E6%A4%8D%E7%89%A9105.jpg
校园植物106.jpg,http://photo.tdl.cool/%E6%A0%A1%E5%9B%AD%E6%A4%8D%E7%89%A9106.jpg
校园植物107.jpg,http://photo.tdl.cool/%E6%A0%A1%E5%9B%AD%E6%A4%8D%E7%89%A9107.jpg
校园植物108.jpg,http://photo.tdl.cool/%E6%A0%A1%E5%9B%AD%E6%A4%8D%E7%89%A9108.jpg
校园植物109.jpg,http://photo.tdl.cool/%E6%A0%A1%E5%9B%AD%E6%A4%8D%E7%89%A9109.jpg
校园植物11.jpg,http://photo.tdl.cool/%E6%A0%A1%E5%9B%AD%E6%A4%8D%E7%89%A911.jpg
校园植物110.jpg,http://photo.tdl.cool/%E6%A0%A1%E5%9B%AD%E6%A4%8D%E7%89%A9110.jpg
校园植物111.jpg,http://photo.tdl.cool/%E6%A0%A1%E5%9B%AD%E6%A4%8D%E7%89%A9111.jpg
校园植物112.jpg,http://photo.tdl.cool/%E6%A0%A1%E5%9B%AD%E6%A4%8D%E7%89%A9112.jpg
校园植物113.jpg,http://photo.tdl.cool/%E6%A0%A1%E5%9B%AD%E6%A4%8D%E7%89%A9113.jpg
校园植物114.jpg,http://photo.tdl.cool/%E6%A0%A1%E5%9B%AD%E6%A4%8D%E7%89%A9114.jpg
校园植物115.jpg,http://photo.tdl.cool/%E6%A0%A1%E5%9B%AD%E6%A4%8D%E7%89%A9115.jpg
校园植物116.jpg,http://photo.tdl.cool/%E6%A0%A1%E5%9B%AD%E6%A4%8D%E7%89%A9116.jpg
校园植物117.jpg,http://photo.tdl.cool/%E6%A0%A1%E5%9B%AD%E6%A4%8D%E7%89%A9117.jpg
校园植物118.jpg,http://photo.tdl.cool/%E6%A0%A1%E5%9B%AD%E6%A4%8D%E7%89%A9118.jpg
校园植物119.jpg,http://photo.tdl.cool/%E6%A0%A1%E5%9B%AD%E6%A4%8D%E7%89%A9119.jpg
校园植物12.jpg,http://photo.tdl.cool/%E6%A0%A1%E5%9B%AD%E6%A4%8D%E7%89%A912.jpg
校园植物120.jpg,http://photo.tdl.cool/%E6%A0%A1%E5%9B%AD%E6%A4%8D%E7%89%A9120.jpg
校园植物121.jpg,http://photo.tdl.cool/%E6%A0%A1%E5%9B%AD%E6%A4%8D%E7%89%A9121.jpg
校园植物122.jpg,http://photo.tdl.cool/%E6%A0%A1%E5%9B%AD%E6%A4%8D%E7%89%A9122.jpg
校园植物123.jpg,http://photo.tdl.cool/%E6%A0%A1%E5%9B%AD%E6%A4%8D%E7%89%A9123.jpg
校园植物124.jpg,http://photo.tdl.cool/%E6%A0%A1%E5%9B%AD%E6%A4%8D%E7%89%A9124.jpg
校园植物125.jpg,http://photo.tdl.cool/%E6%A0%A1%E5%9B%AD%E6%A4%8D%E7%89%A9125.jpg
校园植物126.jpg,http://photo.tdl.cool/%E6%A0%A1%E5%9B%AD%E6%A4%8D%E7%89%A9126.jpg
校园植物127.jpg,http://photo.tdl.cool/%E6%A0%A1%E5%9B%AD%E6%A4%8D%E7%89%A9127.jpg
校园植物128.jpg,http://photo.tdl.cool/%E6%A0%A1%E5%9B%AD%E6%A4%8D%E7%89%A9128.jpg
校园植物129.jpg,http://photo.tdl.cool/%E6%A0%A1%E5%9B%AD%E6%A4%8D%E7%89%A9129.jpg
校园植物13.jpg,http://photo.tdl.cool/%E6%A0%A1%E5%9B%AD%E6%A4%8D%E7%89%A913.jpg
校园植物130.jpg,http://photo.tdl.cool/%E6%A0%A1%E5%9B%AD%E6%A4%8D%E7%89%A9130.jpg
校园植物131.jpg,http://photo.tdl.cool/%E6%A0%A1%E5%9B%AD%E6%A4%8D%E7%89%A9131.jpg
校园植物132.jpg,http://photo.tdl.cool/%E6%A0%A1%E5%9B%AD%E6%A4%8D%E7%89%A9132.jpg
校园植物133.jpg,http://photo.tdl.cool/%E6%A0%A1%E5%9B%AD%E6%A4%8D%E7%89%A9133.jpg
校园植物134.jpg,http://photo.tdl.cool/%E6%A0%A1%E5%9B%AD%E6%A4%8D%E7%89%A9134.jpg
校园植物14.jpg,http://photo.tdl.cool/%E6%A0%A1%E5%9B%AD%E6%A4%8D%E7%89%A914.jpg
校园植物15.jpg,http://photo.tdl.cool/%E6%A0%A1%E5%9B%AD%E6%A4%8D%E7%89%A915.jpg
校园植物16.jpg,http://photo.tdl.cool/%E6%A0%A1%E5%9B%AD%E6%A4%8D%E7%89%A916.jpg
校园植物17.jpg,http://photo.tdl.cool/%E6%A0%A1%E5%9B%AD%E6%A4%8D%E7%89%A917.jpg
校园植物18.jpg,http://photo.tdl.cool/%E6%A0%A1%E5%9B%AD%E6%A4%8D%E7%89%A918.jpg
校园植物19.jpg,http://photo.tdl.cool/%E6%A0%A1%E5%9B%AD%E6%A4%8D%E7%89%A919.jpg
校园植物2.jpg,http://photo.tdl.cool/%E6%A0%A1%E5%9B%AD%E6%A4%8D%E7%89%A92.jpg
校园植物20.jpg,http://photo.tdl.cool/%E6%A0%A1%E5%9B%AD%E6%A4%8D%E7%89%A920.jpg
校园植物21.jpg,http://photo.tdl.cool/%E6%A0%A1%E5%9B%AD%E6%A4%8D%E7%89%A921.jpg
校园植物22.jpg,http://photo.tdl.cool/%E6%A0%A1%E5%9B%AD%E6%A4%8D%E7%89%A922.jpg
校园植物23.jpg,http://photo.tdl.cool/%E6%A0%A1%E5%9B%AD%E6%A4%8D%E7%89%A923.jpg
校园植物24.jpg,http://photo.tdl.cool/%E6%A0%A1%E5%9B%AD%E6%A4%8D%E7%89%A924.jpg
校园植物25.jpg,http://photo.tdl.cool/%E6%A0%A1%E5%9B%AD%E6%A4%8D%E7%89%A925.jpg
校园植物26.jpg,http://photo.tdl.cool/%E6%A0%A1%E5%9B%AD%E6%A4%8D%E7%89%A926.jpg
校园植物27.jpg,http://photo.tdl.cool/%E6%A0%A1%E5%9B%AD%E6%A4%8D%E7%89%A927.jpg
校园植物28.jpg,http://photo.tdl.cool/%E6%A0%A1%E5%9B%AD%E6%A4%8D%E7%89%A928.jpg
校园植物29.jpg,http://photo.tdl.cool/%E6%A0%A1%E5%9B%AD%E6%A4%8D%E7%89%A929.jpg
校园植物3.jpg,http://photo.tdl.cool/%E6%A0%A1%E5%9B%AD%E6%A4%8D%E7%89%A93.jpg
校园植物30.jpg,http://photo.tdl.cool/%E6%A0%A1%E5%9B%AD%E6%A4%8D%E7%89%A930.jpg
校园植物31.jpg,http://photo.tdl.cool/%E6%A0%A1%E5%9B%AD%E6%A4%8D%E7%89%A931.jpg
校园植物32.jpg,http://photo.tdl.cool/%E6%A0%A1%E5%9B%AD%E6%A4%8D%E7%89%A932.jpg
校园植物33.jpg,http://photo.tdl.cool/%E6%A0%A1%E5%9B%AD%E6%A4%8D%E7%89%A933.jpg
校园植物34.jpg,http://photo.tdl.cool/%E6%A0%A1%E5%9B%AD%E6%A4%8D%E7%89%A934.jpg
校园植物35.jpg,http://photo.tdl.cool/%E6%A0%A1%E5%9B%AD%E6%A4%8D%E7%89%A935.jpg
校园植物36.jpg,http://photo.tdl.cool/%E6%A0%A1%E5%9B%AD%E6%A4%8D%E7%89%A936.jpg
校园植物37.jpg,http://photo.tdl.cool/%E6%A0%A1%E5%9B%AD%E6%A4%8D%E7%89%A937.jpg
校园植物38.jpg,http://photo.tdl.cool/%E6%A0%A1%E5%9B%AD%E6%A4%8D%E7%89%A938.jpg
校园植物39.jpg,http://photo.tdl.cool/%E6%A0%A1%E5%9B%AD%E6%A4%8D%E7%89%A939.jpg
校园植物4.jpg,http://photo.tdl.cool/%E6%A0%A1%E5%9B%AD%E6%A4%8D%E7%89%A94.jpg
校园植物40.jpg,http://photo.tdl.cool/%E6%A0%A1%E5%9B%AD%E6%A4%8D%E7%89%A940.jpg
校园植物41.jpg,http://photo.tdl.cool/%E6%A0%A1%E5%9B%AD%E6%A4%8D%E7%89%A941.jpg
校园植物42.jpg,http://photo.tdl.cool/%E6%A0%A1%E5%9B%AD%E6%A4%8D%E7%89%A942.jpg
校园植物43.jpg,http://photo.tdl.cool/%E6%A0%A1%E5%9B%AD%E6%A4%8D%E7%89%A943.jpg
校园植物44.jpg,http://photo.tdl.cool/%E6%A0%A1%E5%9B%AD%E6%A4%8D%E7%89%A944.jpg
校园植物45.jpg,http://photo.tdl.cool/%E6%A0%A1%E5%9B%AD%E6%A4%8D%E7%89%A945.jpg
校园植物46.jpg,http://photo.tdl.cool/%E6%A0%A1%E5%9B%AD%E6%A4%8D%E7%89%A946.jpg
校园植物47.jpg,http://photo.tdl.cool/%E6%A0%A1%E5%9B%AD%E6%A4%8D%E7%89%A947.jpg
校园植物48.jpg,http://photo.tdl.cool/%E6%A0%A1%E5%9B%AD%E6%A4%8D%E7%89%A948.jpg
校园植物49.jpg,http://photo.tdl.cool/%E6%A0%A1%E5%9B%AD%E6%A4%8D%E7%89%A949.jpg
校园植物5.jpg,http://photo.tdl.cool/%E6%A0%A1%E5%9B%AD%E6%A4%8D%E7%89%A95.jpg
校园植物50.jpg,http://photo.tdl.cool/%E6%A0%A1%E5%9B%AD%E6%A4%8D%E7%89%A950.jpg
校园植物51.jpg,http://photo.tdl.cool/%E6%A0%A1%E5%9B%AD%E6%A4%8D%E7%89%A951.jpg
校园植物52.jpg,http://photo.tdl.cool/%E6%A0%A1%E5%9B%AD%E6%A4%8D%E7%89%A952.jpg
校园植物53.jpg,http://photo.tdl.cool/%E6%A0%A1%E5%9B%AD%E6%A4%8D%E7%89%A953.jpg
校园植物54.jpg,http://photo.tdl.cool/%E6%A0%A1%E5%9B%AD%E6%A4%8D%E7%89%A954.jpg
校园植物55.jpg,http://photo.tdl.cool/%E6%A0%A1%E5%9B%AD%E6%A4%8D%E7%89%A955.jpg
校园植物56.jpg,http://photo.tdl.cool/%E6%A0%A1%E5%9B%AD%E6%A4%8D%E7%89%A956.jpg
校园植物57.jpg,http://photo.tdl.cool/%E6%A0%A1%E5%9B%AD%E6%A4%8D%E7%89%A957.jpg
校园植物58.jpg,http://photo.tdl.cool/%E6%A0%A1%E5%9B%AD%E6%A4%8D%E7%89%A958.jpg
校园植物59.jpg,http://photo.tdl.cool/%E6%A0%A1%E5%9B%AD%E6%A4%8D%E7%89%A959.jpg
校园植物6.jpg,http://photo.tdl.cool/%E6%A0%A1%E5%9B%AD%E6%A4%8D%E7%89%A96.jpg
校园植物60.jpg,http://photo.tdl.cool/%E6%A0%A1%E5%9B%AD%E6%A4%8D%E7%89%A960.jpg
校园植物61.jpg,http://photo.tdl.cool/%E6%A0%A1%E5%9B%AD%E6%A4%8D%E7%89%A961.jpg
校园植物62.jpg,http://photo.tdl.cool/%E6%A0%A1%E5%9B%AD%E6%A4%8D%E7%89%A962.jpg
校园植物63.jpg,http://photo.tdl.cool/%E6%A0%A1%E5%9B%AD%E6%A4%8D%E7%89%A963.jpg
校园植物64.jpg,http://photo.tdl.cool/%E6%A0%A1%E5%9B%AD%E6%A4%8D%E7%89%A964.jpg
校园植物65.jpg,http://photo.tdl.cool/%E6%A0%A1%E5%9B%AD%E6%A4%8D%E7%89%A965.jpg
校园植物66.jpg,http://photo.tdl.cool/%E6%A0%A1%E5%9B%AD%E6%A4%8D%E7%89%A966.jpg
校园植物67.jpg,http://photo.tdl.cool/%E6%A0%A1%E5%9B%AD%E6%A4%8D%E7%89%A967.jpg
校园植物68.jpg,http://photo.tdl.cool/%E6%A0%A1%E5%9B%AD%E6%A4%8D%E7%89%A968.jpg
校园植物69.jpg,http://photo.tdl.cool/%E6%A0%A1%E5%9B%AD%E6%A4%8D%E7%89%A969.jpg
校园植物7.jpg,http://photo.tdl.cool/%E6%A0%A1%E5%9B%AD%E6%A4%8D%E7%89%A97.jpg
校园植物70.jpg,http://photo.tdl.cool/%E6%A0%A1%E5%9B%AD%E6%A4%8D%E7%89%A970.jpg
校园植物71.jpg,http://photo.tdl.cool/%E6%A0%A1%E5%9B%AD%E6%A4%8D%E7%89%A971.jpg
校园植物72.jpg,http://photo.tdl.cool/%E6%A0%A1%E5%9B%AD%E6%A4%8D%E7%89%A972.jpg
校园植物73.jpg,http://photo.tdl.cool/%E6%A0%A1%E5%9B%AD%E6%A4%8D%E7%89%A973.jpg
校园植物74.jpg,http://photo.tdl.cool/%E6%A0%A1%E5%9B%AD%E6%A4%8D%E7%89%A974.jpg
校园植物75.jpg,http://photo.tdl.cool/%E6%A0%A1%E5%9B%AD%E6%A4%8D%E7%89%A975.jpg
校园植物76.jpg,http://photo.tdl.cool/%E6%A0%A1%E5%9B%AD%E6%A4%8D%E7%89%A976.jpg
校园植物77.jpg,http://photo.tdl.cool/%E6%A0%A1%E5%9B%AD%E6%A4%8D%E7%89%A977.jpg
校园植物78.jpg,http://photo.tdl.cool/%E6%A0%A1%E5%9B%AD%E6%A4%8D%E7%89%A978.jpg
校园植物79.jpg,http://photo.tdl.cool/%E6%A0%A1%E5%9B%AD%E6%A4%8D%E7%89%A979.jpg
校园植物8.jpg,http://photo.tdl.cool/%E6%A0%A1%E5%9B%AD%E6%A4%8D%E7%89%A98.jpg
校园植物80.jpg,http://photo.tdl.cool/%E6%A0%A1%E5%9B%AD%E6%A4%8D%E7%89%A980.jpg
校园植物81.jpg,http://photo.tdl.cool/%E6%A0%A1%E5%9B%AD%E6%A4%8D%E7%89%A981.jpg
校园植物82.jpg,http://photo.tdl.cool/%E6%A0%A1%E5%9B%AD%E6%A4%8D%E7%89%A982.jpg
校园植物83.jpg,http://photo.tdl.cool/%E6%A0%A1%E5%9B%AD%E6%A4%8D%E7%89%A983.jpg
校园植物84.jpg,http://photo.tdl.cool/%E6%A0%A1%E5%9B%AD%E6%A4%8D%E7%89%A984.jpg
校园植物85.jpg,http://photo.tdl.cool/%E6%A0%A1%E5%9B%AD%E6%A4%8D%E7%89%A985.jpg
校园植物86.jpg,http://photo.tdl.cool/%E6%A0%A1%E5%9B%AD%E6%A4%8D%E7%89%A986.jpg
校园植物87.jpg,http://photo.tdl.cool/%E6%A0%A1%E5%9B%AD%E6%A4%8D%E7%89%A987.jpg
校园植物88.jpg,http://photo.tdl.cool/%E6%A0%A1%E5%9B%AD%E6%A4%8D%E7%89%A988.jpg
校园植物89.jpg,http://photo.tdl.cool/%E6%A0%A1%E5%9B%AD%E6%A4%8D%E7%89%A989.jpg
校园植物9.jpg,http://photo.tdl.cool/%E6%A0%A1%E5%9B%AD%E6%A4%8D%E7%89%A99.jpg
校园植物90.jpg,http://photo.tdl.cool/%E6%A0%A1%E5%9B%AD%E6%A4%8D%E7%89%A990.jpg
校园植物91.jpg,http://photo.tdl.cool/%E6%A0%A1%E5%9B%AD%E6%A4%8D%E7%89%A991.jpg
校园植物92.jpg,http://photo.tdl.cool/%E6%A0%A1%E5%9B%AD%E6%A4%8D%E7%89%A992.jpg
校园植物93.jpg,http://photo.tdl.cool/%E6%A0%A1%E5%9B%AD%E6%A4%8D%E7%89%A993.jpg
校园植物94.jpg,http://photo.tdl.cool/%E6%A0%A1%E5%9B%AD%E6%A4%8D%E7%89%A994.jpg
校园植物95.jpg,http://photo.tdl.cool/%E6%A0%A1%E5%9B%AD%E6%A4%8D%E7%89%A995.jpg
校园植物96.jpg,http://photo.tdl.cool/%E6%A0%A1%E5%9B%AD%E6%A4%8D%E7%89%A996.jpg
校园植物97.jpg,http://photo.tdl.cool/%E6%A0%A1%E5%9B%AD%E6%A4%8D%E7%89%A997.jpg
校园植物98.jpg,http://photo.tdl.cool/%E6%A0%A1%E5%9B%AD%E6%A4%8D%E7%89%A998.jpg
校园植物99.jpg,http://photo.tdl.cool/%E6%A0%A1%E5%9B%AD%E6%A4%8D%E7%89%A999.jpg
校园美食1.png,http://photo.tdl.cool/%E6%A0%A1%E5%9B%AD%E7%BE%8E%E9%A3%9F1.png
校园美食10.jpg,http://photo.tdl.cool/%E6%A0%A1%E5%9B%AD%E7%BE%8E%E9%A3%9F10.jpg
校园美食11.jpg,http://photo.tdl.cool/%E6%A0%A1%E5%9B%AD%E7%BE%8E%E9%A3%9F11.jpg
校园美食12.jpg,http://photo.tdl.cool/%E6%A0%A1%E5%9B%AD%E7%BE%8E%E9%A3%9F12.jpg
校园美食13.jpg,http://photo.tdl.cool/%E6%A0%A1%E5%9B%AD%E7%BE%8E%E9%A3%9F13.jpg
校园美食14.jpg,http://photo.tdl.cool/%E6%A0%A1%E5%9B%AD%E7%BE%8E%E9%A3%9F14.jpg
校园美食15.jpg,http://photo.tdl.cool/%E6%A0%A1%E5%9B%AD%E7%BE%8E%E9%A3%9F15.jpg
校园美食16.jpg,http://photo.tdl.cool/%E6%A0%A1%E5%9B%AD%E7%BE%8E%E9%A3%9F16.jpg
校园美食17.jpg,http://photo.tdl.cool/%E6%A0%A1%E5%9B%AD%E7%BE%8E%E9%A3%9F17.jpg
校园美食18.jpg,http://photo.tdl.cool/%E6%A0%A1%E5%9B%AD%E7%BE%8E%E9%A3%9F18.jpg
校园美食19.jpg,http://photo.tdl.cool/%E6%A0%A1%E5%9B%AD%E7%BE%8E%E9%A3%9F19.jpg
校园美食2.jpg,http://photo.tdl.cool/%E6%A0%A1%E5%9B%AD%E7%BE%8E%E9%A3%9F2.jpg
校园美食20.jpg,http://photo.tdl.cool/%E6%A0%A1%E5%9B%AD%E7%BE%8E%E9%A3%9F20.jpg
校园美食21.png,http://photo.tdl.cool/%E6%A0%A1%E5%9B%AD%E7%BE%8E%E9%A3%9F21.png
校园美食22.png,http://photo.tdl.cool/%E6%A0%A1%E5%9B%AD%E7%BE%8E%E9%A3%9F22.png
校园美食23.jpg,http://photo.tdl.cool/%E6%A0%A1%E5%9B%AD%E7%BE%8E%E9%A3%9F23.jpg
校园美食3.jpg,http://photo.tdl.cool/%E6%A0%A1%E5%9B%AD%E7%BE%8E%E9%A3%9F3.jpg
校园美食4.jpg,http://photo.tdl.cool/%E6%A0%A1%E5%9B%AD%E7%BE%8E%E9%A3%9F4.jpg
校园美食5.jpg,http://photo.tdl.cool/%E6%A0%A1%E5%9B%AD%E7%BE%8E%E9%A3%9F5.jpg
校园美食6.jpg,http://photo.tdl.cool/%E6%A0%A1%E5%9B%AD%E7%BE%8E%E9%A3%9F6.jpg
校园美食7.jpg,http://photo.tdl.cool/%E6%A0%A1%E5%9B%AD%E7%BE%8E%E9%A3%9F7.jpg
校园美食8.jpg,http://photo.tdl.cool/%E6%A0%A1%E5%9B%AD%E7%BE%8E%E9%A3%9F8.jpg
校园美食9.jpg,http://photo.tdl.cool/%E6%A0%A1%E5%9B%AD%E7%BE%8E%E9%A3%9F9.jpg
校园美食a0.jpg,http://photo.tdl.cool/%E6%A0%A1%E5%9B%AD%E7%BE%8E%E9%A3%9Fa0.jpg
校园美食a1.jpg,http://photo.tdl.cool/%E6%A0%A1%E5%9B%AD%E7%BE%8E%E9%A3%9Fa1.jpg
校园美食a10.jpg,http://photo.tdl.cool/%E6%A0%A1%E5%9B%AD%E7%BE%8E%E9%A3%9Fa10.jpg
校园美食a11.jpg,http://photo.tdl.cool/%E6%A0%A1%E5%9B%AD%E7%BE%8E%E9%A3%9Fa11.jpg
校园美食a12.jpg,http://photo.tdl.cool/%E6%A0%A1%E5%9B%AD%E7%BE%8E%E9%A3%9Fa12.jpg
校园美食a13.jpg,http://photo.tdl.cool/%E6%A0%A1%E5%9B%AD%E7%BE%8E%E9%A3%9Fa13.jpg
校园美食a2.jpg,http://photo.tdl.cool/%E6%A0%A1%E5%9B%AD%E7%BE%8E%E9%A3%9Fa2.jpg
校园美食a3.jpg,http://photo.tdl.cool/%E6%A0%A1%E5%9B%AD%E7%BE%8E%E9%A3%9Fa3.jpg
校园美食a4.jpg,http://photo.tdl.cool/%E6%A0%A1%E5%9B%AD%E7%BE%8E%E9%A3%9Fa4.jpg
校园美食a5.jpg,http://photo.tdl.cool/%E6%A0%A1%E5%9B%AD%E7%BE%8E%E9%A3%9Fa5.jpg
校园美食a6.jpg,http://photo.tdl.cool/%E6%A0%A1%E5%9B%AD%E7%BE%8E%E9%A3%9Fa6.jpg
校园美食a7.jpg,http://photo.tdl.cool/%E6%A0%A1%E5%9B%AD%E7%BE%8E%E9%A3%9Fa7.jpg
校园美食a8.jpg,http://photo.tdl.cool/%E6%A0%A1%E5%9B%AD%E7%BE%8E%E9%A3%9Fa8.jpg
校园美食a9.jpg,http://photo.tdl.cool/%E6%A0%A1%E5%9B%AD%E7%BE%8E%E9%A3%9Fa9.jpg
校园美食图1.jpg,http://photo.tdl.cool/%E6%A0%A1%E5%9B%AD%E7%BE%8E%E9%A3%9F%E5%9B%BE1.jpg
校园美食图10.jpg,http://photo.tdl.cool/%E6%A0%A1%E5%9B%AD%E7%BE%8E%E9%A3%9F%E5%9B%BE10.jpg
校园美食图11.jpg,http://photo.tdl.cool/%E6%A0%A1%E5%9B%AD%E7%BE%8E%E9%A3%9F%E5%9B%BE11.jpg
校园美食图12.jpg,http://photo.tdl.cool/%E6%A0%A1%E5%9B%AD%E7%BE%8E%E9%A3%9F%E5%9B%BE12.jpg
校园美食图13.jpg,http://photo.tdl.cool/%E6%A0%A1%E5%9B%AD%E7%BE%8E%E9%A3%9F%E5%9B%BE13.jpg
校园美食图14.jpg,http://photo.tdl.cool/%E6%A0%A1%E5%9B%AD%E7%BE%8E%E9%A3%9F%E5%9B%BE14.jpg
校园美食图15.jpg,http://photo.tdl.cool/%E6%A0%A1%E5%9B%AD%E7%BE%8E%E9%A3%9F%E5%9B%BE15.jpg
校园美食图16.jpg,http://photo.tdl.cool/%E6%A0%A1%E5%9B%AD%E7%BE%8E%E9%A3%9F%E5%9B%BE16.jpg
校园美食图17.jpg,http://photo.tdl.cool/%E6%A0%A1%E5%9B%AD%E7%BE%8E%E9%A3%9F%E5%9B%BE17.jpg
校园美食图18.jpg,http://photo.tdl.cool/%E6%A0%A1%E5%9B%AD%E7%BE%8E%E9%A3%9F%E5%9B%BE18.jpg
校园美食图19.jpg,http://photo.tdl.cool/%E6%A0%A1%E5%9B%AD%E7%BE%8E%E9%A3%9F%E5%9B%BE19.jpg
校园美食图2.jpg,http://photo.tdl.cool/%E6%A0%A1%E5%9B%AD%E7%BE%8E%E9%A3%9F%E5%9B%BE2.jpg
校园美食图20.jpg,http://photo.tdl.cool/%E6%A0%A1%E5%9B%AD%E7%BE%8E%E9%A3%9F%E5%9B%BE20.jpg
校园美食图21.jpg,http://photo.tdl.cool/%E6%A0%A1%E5%9B%AD%E7%BE%8E%E9%A3%9F%E5%9B%BE21.jpg
校园美食图22.jpg,http://photo.tdl.cool/%E6%A0%A1%E5%9B%AD%E7%BE%8E%E9%A3%9F%E5%9B%BE22.jpg
校园美食图23.jpg,http://photo.tdl.cool/%E6%A0%A1%E5%9B%AD%E7%BE%8E%E9%A3%9F%E5%9B%BE23.jpg
校园美食图24.jpg,http://photo.tdl.cool/%E6%A0%A1%E5%9B%AD%E7%BE%8E%E9%A3%9F%E5%9B%BE24.jpg
校园美食图25.jpg,http://photo.tdl.cool/%E6%A0%A1%E5%9B%AD%E7%BE%8E%E9%A3%9F%E5%9B%BE25.jpg
校园美食图26.jpg,http://photo.tdl.cool/%E6%A0%A1%E5%9B%AD%E7%BE%8E%E9%A3%9F%E5%9B%BE26.jpg
校园美食图27.jpg,http://photo.tdl.cool/%E6%A0%A1%E5%9B%AD%E7%BE%8E%E9%A3%9F%E5%9B%BE27.jpg
校园美食图28.jpg,http://photo.tdl.cool/%E6%A0%A1%E5%9B%AD%E7%BE%8E%E9%A3%9F%E5%9B%BE28.jpg
校园美食图29.jpg,http://photo.tdl.cool/%E6%A0%A1%E5%9B%AD%E7%BE%8E%E9%A3%9F%E5%9B%BE29.jpg
校园美食图3.jpg,http://photo.tdl.cool/%E6%A0%A1%E5%9B%AD%E7%BE%8E%E9%A3%9F%E5%9B%BE3.jpg
校园美食图30.jpg,http://photo.tdl.cool/%E6%A0%A1%E5%9B%AD%E7%BE%8E%E9%A3%9F%E5%9B%BE30.jpg
校园美食图31.jpg,http://photo.tdl.cool/%E6%A0%A1%E5%9B%AD%E7%BE%8E%E9%A3%9F%E5%9B%BE31.jpg
校园美食图32.jpg,http://photo.tdl.cool/%E6%A0%A1%E5%9B%AD%E7%BE%8E%E9%A3%9F%E5%9B%BE32.jpg
校园美食图33.jpg,http://photo.tdl.cool/%E6%A0%A1%E5%9B%AD%E7%BE%8E%E9%A3%9F%E5%9B%BE33.jpg
校园美食图4.jpg,http://photo.tdl.cool/%E6%A0%A1%E5%9B%AD%E7%BE%8E%E9%A3%9F%E5%9B%BE4.jpg
校园美食图5.jpg,http://photo.tdl.cool/%E6%A0%A1%E5%9B%AD%E7%BE%8E%E9%A3%9F%E5%9B%BE5.jpg
校园美食图6.jpg,http://photo.tdl.cool/%E6%A0%A1%E5%9B%AD%E7%BE%8E%E9%A3%9F%E5%9B%BE6.jpg
校园美食图7.jpg,http://photo.tdl.cool/%E6%A0%A1%E5%9B%AD%E7%BE%8E%E9%A3%9F%E5%9B%BE7.jpg
校园美食图8.jpg,http://photo.tdl.cool/%E6%A0%A1%E5%9B%AD%E7%BE%8E%E9%A3%9F%E5%9B%BE8.jpg
校园美食图9.jpg,http://photo.tdl.cool/%E6%A0%A1%E5%9B%AD%E7%BE%8E%E9%A3%9F%E5%9B%BE9.jpg
校级优秀团员.jpg,http://photo.tdl.cool/%E6%A0%A1%E7%BA%A7%E4%BC%98%E7%A7%80%E5%9B%A2%E5%91%98.jpg
玩偶.jpg,http://photo.tdl.cool/%E7%8E%A9%E5%81%B6.jpg
电脑.jpg,http://photo.tdl.cool/%E7%94%B5%E8%84%91.jpg
皮卡丘.jpg,http://photo.tdl.cool/%E7%9A%AE%E5%8D%A1%E4%B8%98.jpg
纯牛奶.jpg,http://photo.tdl.cool/%E7%BA%AF%E7%89%9B%E5%A5%B6.jpg
航天杯三等奖.jpg,http://photo.tdl.cool/%E8%88%AA%E5%A4%A9%E6%9D%AF%E4%B8%89%E7%AD%89%E5%A5%96.jpg
花露水.jpg,http://photo.tdl.cool/%E8%8A%B1%E9%9C%B2%E6%B0%B4.jpg
魔方.jpg,http://photo.tdl.cool/%E9%AD%94%E6%96%B9.jpg
